schedule,lam,mean,var,std,CE
TWAP,0.0,375321033.4446959,258153.58816474376,508.0881696760354,375321033.4446959
TWAP,1e-08,375321033.4446959,258153.58816474376,508.0881696760354,375321033.4472774
TWAP,3e-08,375321033.4446959,258153.58816474376,508.0881696760354,375321033.4524405
TWAP,1e-07,375321033.4446959,258153.58816474376,508.0881696760354,375321033.47051126
TWAP,3e-07,375321033.4446959,258153.58816474376,508.0881696760354,375321033.522142
TWAP,1e-06,375321033.4446959,258153.58816474376,508.0881696760354,375321033.7028495
